{"cameraMode":{"drawMode":0,"name":"Shaded","section":"Shading Mode"},"sceneLighting":false,"audioPlay":false,"sceneViewState":{"showFog":true,"showMaterialUpdate":false,"showSkybox":true,"showFlares":true,"showImageEffects":true,"showParticleSystems":true},"in2DMode":false,"pivot":{"x":-13.840485572814942,"y":11.974509239196778,"z":6.240230560302734},"rotation":{"x":-0.08978474140167237,"y":-0.9065378308296204,"z":0.3313455283641815,"w":-0.24563807249069215},"size":0.016500001773238183,"orthographic":false}