{"cameraMode":{"drawMode":0,"name":"Shaded","section":"Shading Mode"},"sceneLighting":false,"audioPlay":false,"sceneViewState":{"showFog":true,"showMaterialUpdate":false,"showSkybox":true,"showFlares":true,"showImageEffects":true,"showParticleSystems":true},"in2DMode":false,"pivot":{"x":13.682056427001954,"y":-15.779274940490723,"z":-26.050607681274415},"rotation":{"x":-0.0637718141078949,"y":-0.9359259605407715,"z":0.25692275166511538,"w":-0.23230712115764619},"size":34.568885803222659,"orthographic":false}