{"cameraMode":{"drawMode":0,"name":"Shaded","section":"Shading Mode"},"sceneLighting":false,"audioPlay":false,"sceneViewState":{"showFog":true,"showMaterialUpdate":false,"showSkybox":true,"showFlares":true,"showImageEffects":true,"showParticleSystems":true},"in2DMode":false,"pivot":{"x":-3.41772198677063,"y":3.302694797515869,"z":-1.5347524881362916},"rotation":{"x":0.02733159251511097,"y":0.9565103650093079,"z":-0.2743348777294159,"w":0.0952964574098587},"size":19.706279754638673,"orthographic":false}