{"cameraMode":{"drawMode":0,"name":"Shaded","section":"Shading Mode"},"sceneLighting":false,"audioPlay":false,"sceneViewState":{"showFog":true,"showMaterialUpdate":false,"showSkybox":true,"showFlares":true,"showImageEffects":true,"showParticleSystems":true},"in2DMode":false,"pivot":{"x":31.2004451751709,"y":1.517148733139038,"z":27.205787658691408},"rotation":{"x":0.021508056670427324,"y":0.9494707584381104,"z":0.06675352901220322,"w":-0.30591946840286257},"size":2.1204161643981935,"orthographic":false}