{"cameraMode":{"drawMode":0,"name":"Shaded","section":"Shading Mode"},"sceneLighting":false,"audioPlay":false,"sceneViewState":{"showFog":true,"showMaterialUpdate":false,"showSkybox":true,"showFlares":true,"showImageEffects":true,"showParticleSystems":true},"in2DMode":false,"pivot":{"x":-13.833271026611329,"y":11.976054191589356,"z":6.253369331359863},"rotation":{"x":-0.2195267677307129,"y":-0.6192935109138489,"z":0.1861013025045395,"w":-0.7305133938789368},"size":0.016500001773238183,"orthographic":false}