{"cameraMode":{"drawMode":0,"name":"Shaded","section":"Shading Mode"},"sceneLighting":false,"audioPlay":false,"sceneViewState":{"showFog":true,"showMaterialUpdate":false,"showSkybox":true,"showFlares":true,"showImageEffects":true,"showParticleSystems":true},"in2DMode":false,"pivot":{"x":691.8280029296875,"y":444.07977294921877,"z":-66.09644317626953},"rotation":{"x":-0.039907969534397128,"y":-0.017672503367066385,"z":0.0007033820147626102,"w":-0.9990468621253967},"size":116.18272399902344,"orthographic":false}