{"cameraMode":{"drawMode":0,"name":"Shaded","section":"Shading Mode"},"sceneLighting":false,"audioPlay":false,"sceneViewState":{"showFog":true,"showMaterialUpdate":false,"showSkybox":true,"showFlares":true,"showImageEffects":true,"showParticleSystems":true},"in2DMode":false,"pivot":{"x":-1.2625350952148438,"y":16.81285858154297,"z":-0.08259010314941406},"rotation":{"x":0.0593993254005909,"y":-0.3437087833881378,"z":0.02178983949124813,"w":0.9369425177574158},"size":102.12832641601563,"orthographic":false}