{"cameraMode":{"drawMode":0,"name":"Shaded","section":"Shading Mode"},"sceneLighting":false,"audioPlay":false,"sceneViewState":{"showFog":true,"showMaterialUpdate":false,"showSkybox":true,"showFlares":true,"showImageEffects":true,"showParticleSystems":true},"in2DMode":false,"pivot":{"x":2.983668327331543,"y":0.6028289794921875,"z":-3.0870704650878908},"rotation":{"x":-0.6337177157402039,"y":0.009281652048230172,"z":-0.007604941725730896,"w":-0.7734713554382324},"size":22.25579071044922,"orthographic":false}