{"cameraMode":{"drawMode":0,"name":"Shaded","section":"Shading Mode"},"sceneLighting":false,"audioPlay":false,"sceneViewState":{"showFog":true,"showMaterialUpdate":false,"showSkybox":true,"showFlares":true,"showImageEffects":true,"showParticleSystems":true},"in2DMode":false,"pivot":{"x":15.386835098266602,"y":27.852941513061525,"z":54.81753921508789},"rotation":{"x":-0.18299278616905213,"y":-0.7486128211021423,"z":0.23059752583503724,"w":-0.5940685272216797},"size":18.990026473999025,"orthographic":false}