{"cameraMode":{"drawMode":0,"name":"Shaded","section":"Shading Mode"},"sceneLighting":false,"audioPlay":false,"sceneViewState":{"showFog":true,"showMaterialUpdate":false,"showSkybox":true,"showFlares":true,"showImageEffects":true,"showParticleSystems":true},"in2DMode":false,"pivot":{"x":-1.6717891693115235,"y":0.00002288818359375,"z":61.55882263183594},"rotation":{"x":-0.43076837062835696,"y":-0.20531469583511353,"z":0.10131620615720749,"w":-0.8729373216629028},"size":214.31333923339845,"orthographic":false}