{"cameraMode":{"drawMode":0,"name":"Shaded","section":"Shading Mode"},"sceneLighting":false,"audioPlay":false,"sceneViewState":{"showFog":true,"showMaterialUpdate":false,"showSkybox":true,"showFlares":true,"showImageEffects":true,"showParticleSystems":true},"in2DMode":false,"pivot":{"x":86.28111267089844,"y":316.6394348144531,"z":-4.171336650848389},"rotation":{"x":-0.33527424931526186,"y":0.48529642820358279,"z":-0.2085689753293991,"w":-0.7801138162612915},"size":26.088790893554689,"orthographic":false}