{"cameraMode":{"drawMode":0,"name":"Shaded","section":"Shading Mode"},"sceneLighting":false,"audioPlay":false,"sceneViewState":{"showFog":true,"showMaterialUpdate":false,"showSkybox":true,"showFlares":true,"showImageEffects":true,"showParticleSystems":true},"in2DMode":false,"pivot":{"x":24.274734497070314,"y":2.204826831817627,"z":25.441272735595704},"rotation":{"x":-0.023494377732276918,"y":0.9742880463600159,"z":-0.18819303810596467,"w":-0.12163162976503372},"size":17.147302627563478,"orthographic":false}