{"cameraMode":{"drawMode":0,"name":"Shaded","section":"Shading Mode"},"sceneLighting":false,"audioPlay":false,"sceneViewState":{"showFog":true,"showMaterialUpdate":false,"showSkybox":true,"showFlares":true,"showImageEffects":true,"showParticleSystems":true},"in2DMode":false,"pivot":{"x":22.744672775268556,"y":29.560022354125978,"z":13.725171089172364},"rotation":{"x":0.44313716888427737,"y":0.08635779470205307,"z":-0.042937684804201129,"w":0.8912509679794312},"size":22.0,"orthographic":false}