{"cameraMode":{"drawMode":0,"name":"Shaded","section":"Shading Mode"},"sceneLighting":false,"audioPlay":false,"sceneViewState":{"showFog":true,"showMaterialUpdate":false,"showSkybox":true,"showFlares":true,"showImageEffects":true,"showParticleSystems":true},"in2DMode":false,"pivot":{"x":-3.8431320190429689,"y":-9.214871406555176,"z":5.6129350662231449},"rotation":{"x":-0.31728503108024599,"y":0.3748316764831543,"z":-0.13828033208847047,"w":-0.8600639700889587},"size":22.0,"orthographic":false}