{"cameraMode":{"drawMode":0,"name":"Shaded","section":"Shading Mode"},"sceneLighting":false,"audioPlay":false,"sceneViewState":{"showFog":true,"showMaterialUpdate":false,"showSkybox":true,"showFlares":true,"showImageEffects":true,"showParticleSystems":true},"in2DMode":false,"pivot":{"x":707.7500610351563,"y":544.800048828125,"z":0.0},"rotation":{"x":-0.0935843214392662,"y":-0.06535150855779648,"z":0.0061536747962236408,"w":-0.9934451580047607},"size":111.40523529052735,"orthographic":false}