{"cameraMode":{"drawMode":0,"name":"Shaded","section":"Shading Mode"},"sceneLighting":false,"audioPlay":false,"sceneViewState":{"showFog":true,"showMaterialUpdate":false,"showSkybox":true,"showFlares":true,"showImageEffects":true,"showParticleSystems":true},"in2DMode":false,"pivot":{"x":0.08775508403778076,"y":0.47158586978912356,"z":0.038439035415649417},"rotation":{"x":-0.24660900235176087,"y":-0.5694822669029236,"z":0.1842564046382904,"w":-0.7621834874153137},"size":2.4204165935516359,"orthographic":false}