{"cameraMode":{"drawMode":0,"name":"Shaded","section":"Shading Mode"},"sceneLighting":false,"audioPlay":false,"sceneViewState":{"showFog":true,"showMaterialUpdate":false,"showSkybox":true,"showFlares":true,"showImageEffects":true,"showParticleSystems":true},"in2DMode":false,"pivot":{"x":3.499058485031128,"y":1.5828619003295899,"z":0.3272736072540283},"rotation":{"x":-0.5326460599899292,"y":0.02030719630420208,"z":-0.012786099687218666,"w":-0.8459978103637695},"size":7.986130237579346,"orthographic":false}