{"cameraMode":{"drawMode":0,"name":"Shaded","section":"Shading Mode"},"sceneLighting":false,"audioPlay":false,"sceneViewState":{"showFog":true,"showMaterialUpdate":false,"showSkybox":true,"showFlares":true,"showImageEffects":true,"showParticleSystems":true},"in2DMode":false,"pivot":{"x":2.5572714805603029,"y":1.4505419731140137,"z":-0.7317705154418945},"rotation":{"x":-0.5153621435165405,"y":0.048791807144880298,"z":-0.02940753847360611,"w":-0.8550768494606018},"size":31.005828857421876,"orthographic":false}