{"cameraMode":{"drawMode":0,"name":"Shaded","section":"Shading Mode"},"sceneLighting":false,"audioPlay":false,"sceneViewState":{"showFog":true,"showMaterialUpdate":false,"showSkybox":true,"showFlares":true,"showImageEffects":true,"showParticleSystems":true},"in2DMode":false,"pivot":{"x":106.57178497314453,"y":1.5059642791748047,"z":50.264434814453128},"rotation":{"x":0.4822191596031189,"y":0.1758205145597458,"z":-0.0994601622223854,"w":0.852443277835846},"size":64.4203872680664,"orthographic":false}